PropertyName,YearBuilt,ConstructionStatus,UnitCount,MarketName,SubmarketName,Latitude,Longitude
The Muse,2018,Existing,120,"Denver, CO",Glendale University Area,39.675110,-104.958986
Westwood Green,2018,Existing,300,"Denver, CO",Lakewood/West Corridor,39.677064,-105.078488
Arabelle Lincoln Station,2018,Existing,232,"Denver, CO",Highlands Ranch-Lone Tree,39.542320,-104.871645
Broadway Lofts,2018,Existing,111,"Denver, CO",Englewood/Littleton,39.654704,-104.988305
Encore Evans Station,2018,Existing,224,"Denver, CO",West Denver,39.683140,-104.990543
LoHi House,2018,Existing,106,"Denver, CO",West Denver,39.762195,-105.011613
Timberline Farms,2018,Existing,314,"Denver, CO",North Jefferson County,39.800330,-105.130079
Windmill Ranch Apartments,2018,Existing,96,"Denver, CO",Northeast Adams County,39.969651,-104.812661
The Quincy,2018,Existing,359,"Denver, CO",Downtown Denver,39.748509,-104.992424
Sylvan Uptown,2018,Existing,99,"Denver, CO",Downtown Denver,39.742194,-104.981394
Watermark on Twenty Mile,2018,Existing,294,"Denver, CO",South Douglas County,39.515443,-104.773873
Theo,2018,Existing,275,"Denver, CO",East Denver,39.731768,-104.940000
Griffis Cherry Creek North,2018,Existing,164,"Denver, CO",Downtown Denver,39.716872,-104.947653
The Glenn,2018,Existing,306,"Denver, CO",DTC/Southeast Corridor,39.574256,-104.878730
Vita Littleton,2018,Existing,159,"Denver, CO",Englewood/Littleton,39.612784,-105.013049
Yale 25 Station Apartments,2018,Existing,112,"Denver, CO",Glendale University Area,39.667760,-104.929087
The Henry,2018,Existing,403,"Denver, CO",Downtown Denver,39.697525,-104.984074
Jasper Towers,2018,Existing,508,"Denver, CO",Downtown Denver,39.755819,-105.001788
Edison at Rino,2018,Existing,277,"Denver, CO",Downtown Denver,39.766200,-104.985199
St. Paul Collection,2018,Existing,165,"Denver, CO",Downtown Denver,39.720318,-104.951373
1880 Little Raven,2018,Existing,161,"Denver, CO",Downtown Denver,39.758361,-105.002711
Elements at Prairie Center,2018,Existing,288,"Denver, CO",Northeast Adams County,39.957523,-104.785719
The Montane,2018,Existing,400,"Denver, CO",South Douglas County,39.560809,-104.777446
The Carillon at Belleview Station,2018,Existing,180,"Denver, CO",DTC/Southeast Corridor,39.626034,-104.909612
The Tenzing,2018,Existing,320,"Denver, CO",Northwest Adams County,39.908942,-105.004687
Modera River North,2018,Existing,182,"Denver, CO",Downtown Denver,39.762051,-104.983769
Avalon Castle Rock at the Meadows,2018,Existing,240,"Denver, CO",South Douglas County,39.405219,-104.887783
Centric LoHi by Windsor,2018,Existing,302,"Denver, CO",West Denver,39.761089,-105.007105
24Fifty at University Park,2018,Existing,252,"Denver, CO",Glendale University Area,39.671926,-104.958972
Enclave Belle Creek,2018,Existing,167,"Denver, CO",Northeast Adams County,39.888918,-104.880966
The Economist,2018,Existing,98,"Denver, CO",Downtown Denver,39.741333,-104.969326
1515 Flats at Sloans Lake - Colfax & Vrain,2018,Existing,82,"Denver, CO",West Denver,39.740588,-105.046706
Platt Park by Windsor,2018,Existing,303,"Denver, CO",Glendale University Area,39.695556,-104.986640
Auburn Brook,2018,Existing,95,"Denver, CO",South Douglas County,39.379638,-104.875297
The Palmer,2018,Existing,252,"Denver, CO",Highlands Ranch-Lone Tree,39.563967,-104.859120
Sentral Union Station,2018,Existing,579,"Denver, CO",Downtown Denver,39.755119,-105.001531
The Lydian,2018,Existing,129,"Denver, CO",Downtown Denver,39.753439,-104.979394
The Village & Greens at Southglenn,2018,Existing,60,"Denver, CO",Englewood/Littleton,39.591764,-104.965833
Alto at Westminster,2018,Existing,70,"Denver, CO",Northeast Adams County,39.824834,-105.025665
St. Francis Apartments at Cathedral Square,2018,Existing,50,"Denver, CO",Downtown Denver,39.739119,-104.978540
The Ridge at Thornton Station,2018,Existing,280,"Denver, CO",Northwest Adams County,39.880482,-104.942351
Ride at RiNo,2018,Existing,84,"Denver, CO",Downtown Denver,39.770921,-104.976607
Fifty Eight Hundred,2018,Existing,152,"Denver, CO",Lakewood/West Corridor,39.710839,-105.060954
Covell on the Promenade,2018,Existing,300,"Denver, CO",North Jefferson County,39.891672,-105.065671
Station A at Gateway Park,2018,Existing,400,"Denver, CO",East Denver,39.778698,-104.801333
Avalon Red Rocks,2018,Existing,256,"Denver, CO",South Jefferson County,39.622692,-105.148462
IMT at Ridgegate,2018,Existing,219,"Denver, CO",Highlands Ranch-Lone Tree,39.534077,-104.871964
Avalon Southlands,2018,Existing,338,"Denver, CO",Aurora,39.592105,-104.690580
Caliber at Hyland Village,2018,Existing,164,"Denver, CO",North Jefferson County,39.871103,-105.055470
The Ranch at First Creek,2018,Existing,264,"Denver, CO",East Denver,39.793080,-104.773259
Vistas at Panorama Pointe,2018,Existing,69,"Denver, CO",Northwest Adams County,39.848035,-105.017787
Elevate at Pena Station,2019,Existing,218,"Denver, CO",East Denver,39.808443,-104.778936
The Kasserman,2019,Existing,100,"Denver, CO",West Denver,39.761565,-105.009182
Canvas on Blake,2019,Existing,241,"Denver, CO",Downtown Denver,39.758808,-104.989313
High Line Pointe Luxury Apartments,2019,Existing,190,"Denver, CO",Aurora,39.692405,-104.894988
North Range Crossings,2019,Existing,217,"Denver, CO",Northeast Adams County,39.884215,-104.820002
Crossing Pointe North,2019,Existing,64,"Denver, CO",Northeast Adams County,39.884520,-104.938046
Boulevard 1 Residences,2019,Existing,72,"Denver, CO",Glendale University Area,39.714674,-104.910413
Peak 83,2019,Existing,255,"Denver, CO",South Douglas County,39.506485,-104.761981
Park Sixty Four,2019,Existing,64,"Denver, CO",South Douglas County,39.519951,-104.762374
1600 Hoyt,2019,Existing,64,"Denver, CO",Lakewood/West Corridor,39.741539,-105.103169
SOVA,2019,Existing,211,"Denver, CO",Downtown Denver,39.746536,-104.983913
AMLI Riverfront Green,2019,Existing,304,"Denver, CO",Downtown Denver,39.757102,-105.003828
Hawthorne Hill 2,2019,Existing,93,"Denver, CO",Northwest Adams County,39.912800,-104.954580
Greenbelt at Town Center,2019,Existing,79,"Denver, CO",East Denver,39.755268,-104.900230
Avilla Buffalo Run,2019,Existing,123,"Denver, CO",Northeast Adams County,39.913441,-104.802256
Marq Iliff Station,2019,Existing,316,"Denver, CO",Aurora,39.674438,-104.824744
The Depot at Twenty Mile,2019,Existing,200,"Denver, CO",South Douglas County,39.546300,-104.776902
Caliber at Flatirons,2019,Existing,288,"Denver, CO",Broomfield County,39.948823,-105.122283
Oak Street Station,2019,Existing,292,"Denver, CO",Lakewood/West Corridor,39.738258,-105.117288
Gateway at Arvada Ridge Apartments,2019,Existing,296,"Denver, CO",North Jefferson County,39.794604,-105.111154
East Range Crossings,2019,Existing,252,"Denver, CO",East Denver,39.804713,-104.765157
Christine Place,2019,Existing,96,"Denver, CO",Northeast Adams County,39.997409,-104.798890
Littleton Crossing,2019,Existing,63,"Denver, CO",Englewood/Littleton,39.615893,-105.017593
Avalon Lowry,2019,Existing,347,"Denver, CO",East Denver,39.716659,-104.904348
Baker School Apartments,2019,Existing,142,"Denver, CO",Northeast Adams County,39.813410,-105.033659
The Ridge Pinehurst,2019,Existing,325,"Denver, CO",South Jefferson County,39.639758,-105.078251
Radiant,2019,Existing,329,"Denver, CO",Downtown Denver,39.749472,-104.984404
Riverwalk,2019,Existing,230,"Denver, CO",South Douglas County,39.371681,-104.860630
Civic Lofts,2019,Existing,176,"Denver, CO",Downtown Denver,39.736546,-104.992614
The Argonne,2019,Existing,324,"Denver, CO",East Denver,39.799190,-104.766073
Fusion 355,2019,Existing,286,"Denver, CO",Broomfield County,39.923667,-105.122360
20th Street Station Apartments,2019,Existing,354,"Denver, CO",Downtown Denver,39.749213,-104.986481
Vista El Rancho,2019,Existing,55,"Denver, CO",South Jefferson County,39.696189,-105.324880
Alas over Lowry,2019,Existing,300,"Denver, CO",East Denver,39.721733,-104.888867
AMLI Littleton Village Apartments,2019,Existing,352,"Denver, CO",Englewood/Littleton,39.581545,-104.984278
Bonaventure of Thornton,2019,Existing,152,"Denver, CO",Northwest Adams County,39.918580,-104.976328
Arapahoe Square,2019,Existing,355,"Denver, CO",Downtown Denver,39.750842,-104.982862
Gables Residences,2019,Existing,122,"Denver, CO",Downtown Denver,39.711219,-104.944470
Parq on Speer,2019,Existing,302,"Denver, CO",Downtown Denver,39.730896,-104.990562
Indy Street Flats,2019,Existing,115,"Denver, CO",Lakewood/West Corridor,39.738992,-105.104409
Gateway South,2019,Existing,90,"Denver, CO",West Denver,39.733475,-105.021921
Ascent Westminster,2019,Existing,255,"Denver, CO",North Jefferson County,39.857289,-105.059559
Cortland at Coalton,2019,Existing,198,"Denver, CO",Broomfield County,39.927599,-105.138629
Springs at Eagle Bend,2019,Existing,280,"Denver, CO",Aurora,39.577171,-104.720562
Epoque Golden,2019,Existing,120,"Denver, CO",North Jefferson County,39.775511,-105.234430
Sobo Station,2019,Existing,187,"Denver, CO",Downtown Denver,39.712404,-104.994396
Eaton Street Apartments,2019,Existing,118,"Denver, CO",North Jefferson County,39.857930,-105.058516
The Point at Biscay,2019,Existing,96,"Denver, CO",Aurora,39.655503,-104.767276
"Solana Lakewood ",2019,Existing,230,"Denver, CO",Lakewood/West Corridor,39.741529,-105.121330
Botanica Town Center,2019,Existing,153,"Denver, CO",East Denver,39.756150,-104.899771
Arroyo Village,2019,Existing,130,"Denver, CO",West Denver,39.736055,-105.032482
Tangent Apartments,2019,Existing,140,"Denver, CO",DTC/Southeast Corridor,39.637561,-104.911736
Westerly,2019,Existing,345,"Denver, CO",South Jefferson County,39.560617,-105.123077
The Quayle,2019,Existing,102,"Denver, CO",Downtown Denver,39.718505,-104.987748
Cortland Cap Hill,2019,Existing,197,"Denver, CO",Downtown Denver,39.735724,-104.983141
TriVista on Speer,2019,Existing,322,"Denver, CO",Downtown Denver,39.737686,-104.995845
The Villas at Prairie Center,2019,Existing,136,"Denver, CO",Northeast Adams County,39.957177,-104.789222
The Mezz | Fiddler's Green,2020,Existing,149,"Denver, CO",DTC/Southeast Corridor,39.600093,-104.898612
Overture 9th and Colorado,2020,Existing,207,"Denver, CO",East Denver,39.732583,-104.937857
Vida at Sloan's Lake,2020,Existing,176,"Denver, CO",West Denver,39.740631,-105.040155
The Elisabetta,2020,Existing,91,"Denver, CO",Downtown Denver,39.789773,-104.987066
Deco,2020,Existing,350,"Denver, CO",Glendale University Area,39.677364,-104.940026
Milo,2020,Existing,319,"Denver, CO",East Denver,39.732383,-104.939072
Kabin,2020,Existing,195,"Denver, CO",Downtown Denver,39.771258,-104.985506
Alexan Julian,2020,Existing,202,"Denver, CO",West Denver,39.769042,-105.032939
Walnut Flats,2020,Existing,66,"Denver, CO",Downtown Denver,39.770154,-104.972579
Alameda View Apartments,2020,Existing,116,"Denver, CO",Aurora,39.709760,-104.807930
Range View Apartments,2020,Existing,223,"Denver, CO",South Adams County,39.747931,-104.820594
Basecamp Apartments,2020,Existing,72,"Denver, CO",North Jefferson County,39.754866,-105.233537
Brandon Courtyard,2020,Existing,104,"Denver, CO",West Denver,39.741189,-105.050163
Apex Meridian East,2020,Existing,156,"Denver, CO",Highlands Ranch-Lone Tree,39.557923,-104.864025
The Lodge at Ken Caryl Senior Living,2020,Existing,138,"Denver, CO",South Jefferson County,39.574893,-105.136001
The Fremont,2020,Existing,253,"Denver, CO",South Adams County,39.748768,-104.835543
Alta Green Mountain,2020,Existing,260,"Denver, CO",Lakewood/West Corridor,39.700114,-105.146202
Ridge at Castle Rock,2020,Existing,204,"Denver, CO",South Douglas County,39.401355,-104.889333
Connect at First Creek Apartments,2020,Existing,150,"Denver, CO",East Denver,39.797972,-104.778864
The Haven,2020,Existing,206,"Denver, CO",East Denver,39.791851,-104.773354
The Flats at Two Creeks,2020,Existing,78,"Denver, CO",Lakewood/West Corridor,39.739021,-105.061105
The Pullman,2020,Existing,168,"Denver, CO",Downtown Denver,39.756372,-104.998495
Aspire 7th & Grant,2020,Existing,178,"Denver, CO",Downtown Denver,39.726853,-104.983195
Camden RiNo,2020,Existing,233,"Denver, CO",Downtown Denver,39.764676,-104.978237
Terracina Apartment Homes - Phase II,2020,Existing,100,"Denver, CO",Broomfield County,39.943614,-105.122582
Modera LoHi,2020,Existing,132,"Denver, CO",West Denver,39.759012,-105.009805
Curate at Orchard Town Center,2020,Existing,270,"Denver, CO",Northeast Adams County,39.963334,-104.994592
Raleigh at Sloan's Lake,2020,Existing,249,"Denver, CO",West Denver,39.743314,-105.040794
Larkridge Apartments,2020,Existing,338,"Denver, CO",Northeast Adams County,39.988478,-104.982094
The Alcott,2020,Existing,248,"Denver, CO",West Denver,39.752692,-105.017086
Park 17,2020,Existing,190,"Denver, CO",Downtown Denver,39.742769,-104.971249
Circa Fitzsimons,2020,Existing,280,"Denver, CO",South Adams County,39.754105,-104.850999
Neon Local,2020,Existing,238,"Denver, CO",Downtown Denver,39.715034,-104.988178
Peoria Crossing,2020,Existing,210,"Denver, CO",South Adams County,39.759425,-104.846594
Dayton Station Luxury Townhomes,2020,Existing,63,"Denver, CO",Glendale University Area,39.646764,-104.878727
Incline 45,2020,Existing,270,"Denver, CO",East Denver,39.777424,-104.774222
Nine Mile Station Senior Living,2020,Existing,50,"Denver, CO",Aurora,39.662275,-104.845699
Chroma Apartments,2020,Existing,359,"Denver, CO",Highlands Ranch-Lone Tree,39.555056,-105.002282
Peakline at Copperleaf,2020,Existing,266,"Denver, CO",Aurora,39.636473,-104.737071
Notable Apartments,2020,Existing,218,"Denver, CO",Lakewood/West Corridor,39.728256,-105.127782
Residences at Hoffman,2020,Existing,85,"Denver, CO",Aurora,39.737185,-104.830890
Luxe At Mile High,2020,Existing,382,"Denver, CO",West Denver,39.739374,-105.027753
West 38,2020,Existing,165,"Denver, CO",Lakewood/West Corridor,39.770025,-105.078541
Moline at Stapleton,2020,Existing,180,"Denver, CO",East Denver,39.755022,-104.851848
Bromwell,2020,Existing,170,"Denver, CO",Downtown Denver,39.721530,-104.982924
Creekline Townhomes,2020,Existing,68,"Denver, CO",Aurora,39.675452,-104.887806
Modena Cherry Creek,2020,Existing,96,"Denver, CO",Aurora,39.671989,-104.889866
Gables Vista,2020,Existing,255,"Denver, CO",Downtown Denver,39.709673,-104.942866
Atlantis,2020,Existing,144,"Denver, CO",Downtown Denver,39.712683,-104.992794
Zia Sunnyside,2020,Existing,434,"Denver, CO",West Denver,39.772706,-104.998736
The Overland,2021,Existing,140,"Denver, CO",West Denver,39.679362,-104.991463
Bloom at Cherry Creek,2021,Existing,111,"Denver, CO",Glendale University Area,39.699630,-104.932617
The Kendrick,2021,Existing,254,"Denver, CO",Downtown Denver,39.744412,-104.971843
Lamar Station Crossing Phase II,2021,Existing,65,"Denver, CO",Lakewood/West Corridor,39.735791,-105.064692
Aspire Westminster,2021,Existing,226,"Denver, CO",North Jefferson County,39.859554,-105.060827
Camber Apartments,2021,Existing,240,"Denver, CO",East Denver,39.806745,-104.768040
Bridges at Flatiron,2021,Existing,327,"Denver, CO",Broomfield County,39.930392,-105.122286
The Julian at Sloan’s Lake,2021,Existing,54,"Denver, CO",West Denver,39.741020,-105.031869
4400 Syracuse,2021,Existing,316,"Denver, CO",DTC/Southeast Corridor,39.636384,-104.898401
The Audrey,2021,Existing,134,"Denver, CO",Highlands Ranch-Lone Tree,39.546534,-104.997635
Talus Flats,2021,Existing,111,"Denver, CO",South Douglas County,39.403139,-104.887906
The Stella,2021,Existing,132,"Denver, CO",Downtown Denver,39.790776,-104.987143
Bromley at Brighton Crossing,2021,Existing,315,"Denver, CO",Northeast Adams County,39.988527,-104.754600
AlfaCharlie,2021,Existing,239,"Denver, CO",East Denver,39.814768,-104.768542
Murphy Creek,2021,Existing,174,"Denver, CO",Aurora,39.683692,-104.703171
Kappa Tower II,2021,Existing,70,"Denver, CO",East Denver,39.784979,-104.883803
X Denver 1.0,2021,Existing,253,"Denver, CO",Downtown Denver,39.760911,-104.997863
St. Mark's Village,2021,Existing,216,"Denver, CO",Northwest Adams County,39.873303,-105.027585
Five 810 Southlands,2021,Existing,270,"Denver, CO",Outlying Arapahoe County,39.610377,-104.711663
The Edison at Wheat Ridge Apartments,2021,Existing,231,"Denver, CO",Lakewood/West Corridor,39.766158,-105.082631
PARK40,2021,Existing,313,"Denver, CO",Broomfield County,39.999102,-105.009892
Westminster Row,2021,Existing,274,"Denver, CO",North Jefferson County,39.860217,-105.061661
Modera Art Park,2021,Existing,417,"Denver, CO",Downtown Denver,39.768213,-104.982202
Art District Flats,2021,Existing,126,"Denver, CO",Downtown Denver,39.736241,-104.999068
Stella on the Park,2021,Existing,216,"Denver, CO",Aurora,39.712200,-104.817961
Market Station Apartments,2021,Existing,225,"Denver, CO",Downtown Denver,39.750540,-104.997967
AMLI at Uptown,2021,Existing,316,"Denver, CO",Downtown Denver,39.742576,-104.980229
AVA RiNo,2021,Existing,246,"Denver, CO",Downtown Denver,39.758049,-104.983460
RYE SoBo,2021,Existing,353,"Denver, CO",Downtown Denver,39.710922,-104.991978
Catbird Hotel Rentals,2021,Existing,60,"Denver, CO",Downtown Denver,39.769702,-104.972330
Brickhouse at Lamar Station,2021,Existing,293,"Denver, CO",Lakewood/West Corridor,39.736349,-105.066253
Caraway Apartments,2021,Existing,116,"Denver, CO",Northwest Adams County,39.830554,-104.987977
Clear Creek Crossing,2021,Existing,310,"Denver, CO",Lakewood/West Corridor,39.770140,-105.147075
Avilla Eastlake,2021,Existing,244,"Denver, CO",Northwest Adams County,39.920300,-104.974884
Axis West Flats,2021,Existing,59,"Denver, CO",Lakewood/West Corridor,39.735438,-105.055817
Gateway North,2021,Existing,95,"Denver, CO",West Denver,39.733442,-105.022269
Mile High Place Apartments,2021,Existing,60,"Denver, CO",West Denver,39.742434,-105.027977
Airie Denver,2021,Existing,176,"Denver, CO",East Denver,39.702949,-104.890053
Edit at River North,2021,Existing,366,"Denver, CO",Downtown Denver,39.767633,-104.975814
Bighorn Crossing,2021,Existing,74,"Denver, CO",Clear Creek County,39.720893,-105.694272
AMLI Art District,2021,Existing,337,"Denver, CO",Downtown Denver,39.761528,-104.990169
MAA Westglenn,2021,Existing,306,"Denver, CO",North Jefferson County,39.860328,-105.079256
Sheridan Station Apartments,2021,Existing,133,"Denver, CO",Lakewood/West Corridor,39.734005,-105.054785
The Hooper Five Points,2021,Existing,103,"Denver, CO",Downtown Denver,39.753986,-104.978726
Legacy at Fitz,2021,Existing,363,"Denver, CO",Aurora,39.738806,-104.833431
Broadstone Olivine,2021,Existing,326,"Denver, CO",South Jefferson County,39.612442,-105.087028
757 Grant,2021,Existing,68,"Denver, CO",Downtown Denver,39.728255,-104.983993
Vue West,2021,Existing,310,"Denver, CO",DTC/Southeast Corridor,39.626795,-104.909674
Wheat Ridge Town Center North Apartments,2021,Existing,140,"Denver, CO",Lakewood/West Corridor,39.776258,-105.078582
Alton Jefferson Park,2021,Existing,122,"Denver, CO",West Denver,39.758056,-105.024763
Affinity at Copperleaf,2021,Existing,170,"Denver, CO",Aurora,39.637318,-104.730895
32nd & Shoshone,2021,Existing,53,"Denver, CO",West Denver,39.762467,-105.009231
Revel Apartments,2022,Existing,300,"Denver, CO",Aurora,39.721510,-104.818861
Tabor Lake Apartment Community,2022,Existing,97,"Denver, CO",Lakewood/West Corridor,39.777391,-105.134381
Momentum at First Creek,2022,Existing,200,"Denver, CO",East Denver,39.797952,-104.779816
Enova Apartments,2022,Existing,228,"Denver, CO",Northeast Adams County,39.884880,-104.792422
Novus Apartments,2022,Existing,240,"Denver, CO",Highlands Ranch-Lone Tree,39.532849,-104.871779
Cirrus,2022,Existing,292,"Denver, CO",West Denver,39.742162,-105.026254
Prospector Modern Apartments,2022,Existing,238,"Denver, CO",South Douglas County,39.381283,-104.827932
Viña Apartments,2022,Existing,150,"Denver, CO",Downtown Denver,39.784297,-104.961617
The Reserves at Green Valley Ranch,2022,Existing,216,"Denver, CO",East Denver,39.785231,-104.784262
Traverse Apartments,2022,Existing,281,"Denver, CO",Lakewood/West Corridor,39.733307,-105.056409
Trails At Crowfoot,2022,Existing,69,"Denver, CO",South Douglas County,39.458746,-104.791471
Citizen West 10,2022,Existing,393,"Denver, CO",Downtown Denver,39.731358,-104.989253
567 Felicity Loop,2022,Existing,53,"Denver, CO",South Douglas County,39.370935,-104.889211
Hangar 61 @ Pena Station,2022,Existing,198,"Denver, CO",East Denver,39.807618,-104.775380
Alta Sloan's Lake,2022,Existing,200,"Denver, CO",Lakewood/West Corridor,39.742650,-105.053833
Village at Thorncreek,2022,Existing,283,"Denver, CO",Northwest Adams County,39.930245,-104.980009
The Range at Reunion,2022,Existing,180,"Denver, CO",Northeast Adams County,39.884290,-104.813149
Broadstone Wren,2022,Existing,250,"Denver, CO",South Douglas County,39.561925,-104.775315
Aurum,2022,Existing,165,"Denver, CO",Lakewood/West Corridor,39.703804,-105.205723
Proximo at Pena Station,2022,Existing,210,"Denver, CO",East Denver,39.809829,-104.781975
Central Park Apartments II,2022,Existing,90,"Denver, CO",East Denver,39.792194,-104.881913
Central Park III,2022,Existing,127,"Denver, CO",East Denver,39.765584,-104.890777
Quin,2022,Existing,208,"Denver, CO",Downtown Denver,39.732399,-104.998341
The Hayes,2022,Existing,338,"Denver, CO",South Adams County,39.750307,-104.879319
1919 at Mile High Apartments,2022,Existing,277,"Denver, CO",West Denver,39.746622,-105.019865
Green Leaf Jayne,2022,Existing,171,"Denver, CO",Downtown Denver,39.722180,-104.988573
Argenta,2022,Proposed,254,"Denver, CO",Aurora,39.721533,-104.867321
The Wright,2022,Existing,203,"Denver, CO",DTC/Southeast Corridor,39.597863,-104.833822
Trails Edge at Solstice,2022,Existing,150,"Denver, CO",South Douglas County,39.525917,-105.059070
10323 Milwaukee Cir,2022,Existing,200,"Denver, CO",Northwest Adams County,39.882938,-104.952180
The Landing,2022,Existing,223,"Denver, CO",Northeast Adams County,39.810002,-104.925293
The Fitzgerald,2022,Existing,282,"Denver, CO",Downtown Denver,39.752150,-104.994834
16314 Columbine St,2022,Existing,50,"Denver, CO",Northeast Adams County,39.991473,-104.957027
1642 Sammy Ln,2022,Existing,220,"Denver, CO",South Douglas County,39.355760,-104.815369
3293 Offbeaten Pl,2022,Existing,120,"Denver, CO",South Douglas County,39.417021,-104.825321
Apex Meridian South,2022,Existing,208,"Denver, CO",Highlands Ranch-Lone Tree,39.556243,-104.864345
Hilltop Reserve Senior Living,2022,Existing,124,"Denver, CO",Glendale University Area,39.706873,-104.923524
The Madison Apartments at Canyons,2022,Existing,325,"Denver, CO",South Douglas County,39.465397,-104.862727
Stanley House Apartments,2022,Existing,168,"Denver, CO",South Adams County,39.751262,-104.877024
Avere on the High Line Townhomes,2022,Existing,56,"Denver, CO",Aurora,39.682735,-104.888594
Capitol Square Apartments,2022,Existing,103,"Denver, CO",Downtown Denver,39.736599,-104.985196
Parkside at Littleton Village,2022,Existing,114,"Denver, CO",Englewood/Littleton,39.583600,-104.985508
Amber Creek Single Family Homes,2022,Existing,102,"Denver, CO",Northeast Adams County,39.939384,-104.906671
Heritage at Church Ranch Apartments,2022,Existing,205,"Denver, CO",North Jefferson County,39.878843,-105.080987
Centennial Crossings,2022,Existing,209,"Denver, CO",Aurora,39.603312,-104.807647
Ascend at Horizon Uptown Apartments,2022,Existing,246,"Denver, CO",Aurora,39.726674,-104.729366
Marq Promenade,2022,Existing,261,"Denver, CO",North Jefferson County,39.896556,-105.075007
Modera West Wash Park,2022,Existing,241,"Denver, CO",Downtown Denver,39.722600,-104.983445
South Range Crossings,2022,Existing,204,"Denver, CO",South Douglas County,39.484741,-104.764278
Brownstones at Palisade Park,2022,Existing,160,"Denver, CO",Broomfield County,40.003533,-104.995329
Lennar at Red Rocks Ranch,2022,Existing,100,"Denver, CO",Lakewood/West Corridor,39.657022,-105.176650
AMLI RiNo,2022,Existing,390,"Denver, CO",Downtown Denver,39.764158,-104.991808
Renaissance Legacy Lofts,2022,Existing,98,"Denver, CO",Downtown Denver,39.750695,-104.985536
Lyra,2022,Existing,215,"Denver, CO",DTC/Southeast Corridor,39.584526,-104.877252
Avenida Del Sol,2022,Existing,80,"Denver, CO",West Denver,39.697502,-105.051317
Talus,2023,Existing,67,"Denver, CO",South Douglas County,39.519567,-104.863825
Velaris Living,2023,Existing,351,"Denver, CO",Downtown Denver,39.752615,-104.989116
655 N Broadway,2023,Existing,96,"Denver, CO",Downtown Denver,39.726530,-104.987779
Avra at RidgeGate Station,2023,Existing,540,"Denver, CO",South Douglas County,39.521141,-104.863152
AMLI Broadway Park,2023,Existing,373,"Denver, CO",Downtown Denver,39.710476,-104.990763
Sequel,2023,Existing,203,"Denver, CO",Englewood/Littleton,39.661970,-104.996645
Valor on the Fax,2023,Existing,72,"Denver, CO",East Denver,39.739755,-104.896229
The Cameron,2023,Existing,361,"Denver, CO",Glendale University Area,39.676801,-104.934740
Acoya Cherry Creek,2023,Existing,136,"Denver, CO",Downtown Denver,39.711186,-104.941682
Robinson Place,2023,Existing,67,"Denver, CO",Lakewood/West Corridor,39.750775,-105.082208
Thayne,2023,Existing,288,"Denver, CO",Northeast Adams County,39.992470,-104.768334
Canvas at Castle Rock,2023,Existing,102,"Denver, CO",South Douglas County,39.336899,-104.865534
Compass Meridian Apartments,2023,Existing,448,"Denver, CO",Highlands Ranch-Lone Tree,39.552590,-104.866967
Citadel at Castle Pines,2023,Existing,214,"Denver, CO",South Douglas County,39.455231,-104.878125
The Northwest Apartments,2023,Existing,50,"Denver, CO",Broomfield County,39.945685,-105.126636
Alana Apartments,2023,Existing,300,"Denver, CO",South Douglas County,39.420046,-104.879620
Fieldhouse,2023,Existing,312,"Denver, CO",Northwest Adams County,39.918351,-104.970470
The Point Crossing,2023,Existing,63,"Denver, CO",Aurora,39.659274,-104.846577
Alexan Montview Plaza,2023,Existing,395,"Denver, CO",South Adams County,39.748699,-104.879050
Villas at Stone Trace,2023,Existing,119,"Denver, CO",East Denver,39.802107,-104.769651
The Farmhouse at Meridian Village,2023,Existing,78,"Denver, CO",South Douglas County,39.520509,-104.823025
Aston on South Pearl,2023,Existing,73,"Denver, CO",Glendale University Area,39.694092,-104.980218
Evo on Emerson,2023,Existing,85,"Denver, CO",Downtown Denver,39.745397,-104.976529
Alexan Evans Station,2023,Existing,367,"Denver, CO",West Denver,39.677741,-104.987994
Liberty View Apartments,2023,Existing,59,"Denver, CO",South Adams County,39.746912,-104.845618
Art District Lofts,2023,Existing,115,"Denver, CO",Downtown Denver,39.736485,-104.998807
Aventine Littleton,2023,Existing,227,"Denver, CO",Highlands Ranch-Lone Tree,39.563914,-105.017487
Thrive Denver Living,2023,Existing,136,"Denver, CO",West Denver,39.735339,-105.020057
The Charles Denver West,2023,Existing,230,"Denver, CO",Lakewood/West Corridor,39.741910,-105.162390
Oxford Vista,2023,Existing,146,"Denver, CO",Englewood/Littleton,39.640257,-105.005114
The Dorsey,2023,Existing,230,"Denver, CO",Downtown Denver,39.751047,-104.983574
The Rose on Colfax,2023,Existing,82,"Denver, CO",East Denver,39.740618,-104.891451
NOVEL RiNo by Crescent Communities,2023,Existing,483,"Denver, CO",Downtown Denver,39.771358,-104.969465
Mica RiNo,2023,Existing,397,"Denver, CO",Downtown Denver,39.776631,-104.969846
Parallel,2023,Existing,280,"Denver, CO",North Jefferson County,39.789265,-105.131136
Signalmen Apartments,2023,Existing,52,"Denver, CO",West Denver,39.735758,-105.037213
Polaris Apartments,2023,Existing,276,"Denver, CO",Broomfield County,39.905060,-105.079784
Modera Cherry Creek,2023,Existing,94,"Denver, CO",Downtown Denver,39.719187,-104.945869
Claro at High Point,2023,Existing,365,"Denver, CO",South Adams County,39.817926,-104.743310
MAA Milepost 35,2023,Existing,352,"Denver, CO",East Denver,39.782095,-104.880085
Broadstone at Sterling Ranch,2023,Existing,332,"Denver, CO",South Douglas County,39.484973,-105.072638
Hanover Evans Station,2023,Existing,278,"Denver, CO",West Denver,39.681649,-104.989000
Greenhaus,2023,Existing,129,"Denver, CO",West Denver,39.736702,-105.021443
Crosswinds at Arista,2023,Existing,159,"Denver, CO",Broomfield County,39.908203,-105.094746
Ladora Modern,2023,Existing,196,"Denver, CO",East Denver,39.806645,-104.770292
The Bell and Palmer,2023,Existing,111,"Denver, CO",West Denver,39.761354,-105.015447
Lynwood Senior Apartments,2023,Existing,62,"Denver, CO",Glendale University Area,39.681033,-104.921408
Art Studios,2023,Existing,192,"Denver, CO",Downtown Denver,39.735654,-104.985819
FoundryLine,2023,Existing,348,"Denver, CO",Downtown Denver,39.770438,-104.973086
Destination Arista,2023,Existing,325,"Denver, CO",Broomfield County,39.905476,-105.095338
Pop Denver,2023,Existing,123,"Denver, CO",Downtown Denver,39.726482,-104.998922
Crossing Pointe South Apartments,2023,Existing,142,"Denver, CO",Northeast Adams County,39.883832,-104.938741
NOVEL White Fence Farm,2023,Existing,202,"Denver, CO",Lakewood/West Corridor,39.682778,-105.065940
Millennium Green Valley Ranch,2023,Existing,312,"Denver, CO",East Denver,39.786436,-104.783050
Emblem Gateway,2023,Existing,240,"Denver, CO",East Denver,39.806459,-104.763514
Vida @ Fitzsimons,2023,Existing,355,"Denver, CO",Aurora,39.735638,-104.848228
Mercer at Union Station,2023,Existing,232,"Denver, CO",Downtown Denver,39.757569,-105.000325
GW,2023,Existing,86,"Denver, CO",Lakewood/West Corridor,39.735366,-105.185752
Arden Englewood,2024,Existing,302,"Denver, CO",Englewood/Littleton,39.651133,-104.999895
Elevon,2024,Existing,301,"Denver, CO",East Denver,39.767853,-104.891499
The Lincoln,2024,Existing,425,"Denver, CO",Highlands Ranch-Lone Tree,39.543631,-104.870739
The Finley at Baseline,2024,Existing,142,"Denver, CO",Broomfield County,39.995180,-105.006863
Ralston Gardens,2024,Existing,102,"Denver, CO",North Jefferson County,39.801231,-105.100984
Fellow at Fitzsimons,2024,Existing,413,"Denver, CO",Aurora,39.739604,-104.842820
Northfield Flats,2024,Existing,129,"Denver, CO",East Denver,39.779283,-104.887126
Modera Golden Triangle,2024,Existing,323,"Denver, CO",Downtown Denver,39.733313,-104.990861
Kenyon,2024,Existing,124,"Denver, CO",Downtown Denver,39.743472,-104.977775
Noble,2024,Existing,119,"Denver, CO",Englewood/Littleton,39.653339,-104.972114
Edmond,2024,Existing,185,"Denver, CO",Downtown Denver,39.755611,-104.985188
Vance Street Flats,2024,Existing,50,"Denver, CO",North Jefferson County,39.802633,-105.078939
Outlook Table Mesa,2024,Existing,250,"Denver, CO",Lakewood/West Corridor,39.769957,-105.151033
Enso Zen,2024,Existing,111,"Denver, CO",West Denver,39.792088,-105.024579
Creekside,2024,Existing,141,"Denver, CO",Aurora,39.737923,-104.815336
The Rowhomes,2024,Existing,68,"Denver, CO",Northeast Adams County,39.812361,-104.923759
Grant Row Lofts,2024,Existing,222,"Denver, CO",Northwest Adams County,39.954437,-104.982356
Skyline at Highlands,2024,Existing,533,"Denver, CO",West Denver,39.755040,-105.018941
The Lock at Flatirons,2024,Existing,254,"Denver, CO",Broomfield County,39.925646,-105.129085
Avalon Westminster Promenade,2024,Existing,312,"Denver, CO",North Jefferson County,39.889808,-105.068577
One River North,2024,Existing,187,"Denver, CO",Downtown Denver,39.771990,-104.970871
Alloy Sunnyside,2024,Existing,209,"Denver, CO",West Denver,39.773796,-104.999032
Edera,2024,Existing,287,"Denver, CO",Glendale University Area,39.677935,-104.910501
Springs at Peña Station,2024,Existing,272,"Denver, CO",East Denver,39.811956,-104.778823
Marlon at Central Park,2024,Existing,286,"Denver, CO",East Denver,39.780203,-104.887085
Bonsai Flats,2024,Existing,149,"Denver, CO",Englewood/Littleton,39.647864,-105.024810
Caroline at Ralston Creek,2024,Existing,328,"Denver, CO",North Jefferson County,39.802174,-105.108315
Nest56 at Denargo Market,2024,Existing,56,"Denver, CO",Downtown Denver,39.761759,-104.988583
Arden Karl’s Farm,2024,Existing,385,"Denver, CO",Northwest Adams County,39.915874,-104.964516
One Seven at Belleview Station,2024,Existing,250,"Denver, CO",DTC/Southeast Corridor,39.625931,-104.906632
Solana Beeler Park,2024,Existing,270,"Denver, CO",East Denver,39.799458,-104.880659
Railside at Wadsworth Station,2024,Existing,306,"Denver, CO",Lakewood/West Corridor,39.736323,-105.081012
Sorella,2024,Existing,374,"Denver, CO",West Denver,39.663352,-105.025653
Iota Fox Station,2024,Existing,148,"Denver, CO",Downtown Denver,39.772723,-104.993932
Prose Farm,2024,Existing,312,"Denver, CO",Northwest Adams County,39.888665,-104.957988
Kindred,2024,Existing,224,"Denver, CO",Downtown Denver,39.731761,-104.989801
Windsor 3000 Huron,2024,Existing,300,"Denver, CO",Downtown Denver,39.759603,-104.996747
The Deveraux,2024,Existing,374,"Denver, CO",Downtown Denver,39.765866,-104.987071
The Alder,2024,Existing,300,"Denver, CO",South Douglas County,39.553279,-104.819129
Kalaco Apartments,2024,Existing,280,"Denver, CO",Downtown Denver,39.739731,-105.000733
Prose Murphy Creek,2024,Existing,336,"Denver, CO",Aurora,39.683571,-104.714275
The Broadleaf,2024,Existing,370,"Denver, CO",Aurora,39.738799,-104.834068
Krisana Apartments,2024,Existing,151,"Denver, CO",Glendale University Area,39.692520,-104.938310
Renewal Village,2024,Existing,215,"Denver, CO",Downtown Denver,39.783069,-104.990910
The Northern,2024,Existing,336,"Denver, CO",Downtown Denver,39.761422,-104.989471
Eleven 8 Apartments,2024,Existing,97,"Denver, CO",Aurora,39.739845,-104.850233
The Pendant Southlands,2024,Existing,146,"Denver, CO",Outlying Arapahoe County,39.610951,-104.708393
Holly38,2024,Existing,253,"Denver, CO",East Denver,39.770349,-104.922250
Hanover RiNo,2024,Existing,390,"Denver, CO",Downtown Denver,39.764578,-104.985503
Amira Choice Arvada,2024,Existing,120,"Denver, CO",North Jefferson County,39.809034,-105.173810
Vine at Panorama,2024,Existing,104,"Denver, CO",Glendale University Area,39.672000,-104.871956
Sabine Apartments,2024,Existing,361,"Denver, CO",East Denver,39.788180,-104.773727
Overlook at Powers Park,2024,Existing,51,"Denver, CO",Englewood/Littleton,39.615306,-104.994413
Trails at Lehow Apartments,2024,Existing,82,"Denver, CO",Englewood/Littleton,39.621189,-104.991275
Greyhound Empowerment,2024,Existing,50,"Denver, CO",Northeast Adams County,39.809665,-104.924410
Mural Apartments,2024,Existing,216,"Denver, CO",South Adams County,39.742376,-104.820282
Morning Star Senior Living,2024,Existing,85,"Denver, CO",Englewood/Littleton,39.595754,-104.923503
The Meadowmark,2024,Existing,200,"Denver, CO",South Douglas County,39.418240,-104.896509
The Dryden,2024,Existing,420,"Denver, CO",Downtown Denver,39.734506,-104.989957
Flora,2024,Existing,92,"Denver, CO",Downtown Denver,39.771723,-104.979973
Prose at Painted Prairie,2024,Existing,312,"Denver, CO",South Adams County,39.800134,-104.737364
Canvas at Gateway,2024,Existing,166,"Denver, CO",East Denver,39.808379,-104.764447
Forge,2024,Existing,408,"Denver, CO",Downtown Denver,39.773775,-104.973433
Pine + Parker,2024,Existing,170,"Denver, CO",South Douglas County,39.542938,-104.773832
Solana Central Park,2024,Existing,307,"Denver, CO",East Denver,39.762386,-104.891373
Ayden Apartments,2024,Existing,117,"Denver, CO",West Denver,39.774858,-105.000230
Pascal Gardens,2024,Existing,216,"Denver, CO",West Denver,39.703603,-105.000962
Clara Brown Commons,2024,Existing,61,"Denver, CO",Downtown Denver,39.768374,-104.960028
Freshlo,2024,Existing,97,"Denver, CO",East Denver,39.781741,-104.845206
Canvas at Prairie Center,2024,Existing,192,"Denver, CO",Northeast Adams County,39.955285,-104.786622
Penrose,2024,Existing,182,"Denver, CO",Downtown Denver,39.770669,-104.977214
Ironworks on Fox,2024,Existing,386,"Denver, CO",Downtown Denver,39.774866,-104.995782
Keene at The District,2024,Existing,306,"Denver, CO",DTC/Southeast Corridor,39.574102,-104.877101
The Elmwood,2024,Existing,234,"Denver, CO",Broomfield County,39.924678,-105.118627
Patten Gray,2024,Existing,250,"Denver, CO",Downtown Denver,39.734884,-104.992639
Hensley at the District,2024,Existing,304,"Denver, CO",DTC/Southeast Corridor,39.575306,-104.880829
Nita Santa Fe,2024,Existing,200,"Denver, CO",Downtown Denver,39.733257,-104.998375
Pine Ridge Crossing,2024,Existing,80,"Denver, CO",Elbert County,39.354744,-104.608885
BB Living  at Trails Edge,2024,Existing,190,"Denver, CO",DTC/Southeast Corridor,39.567340,-104.810804
Karl’s Farm Apartments,2024,Existing,164,"Denver, CO",Northwest Adams County,39.915682,-104.967409
Flats on the A,2024,Existing,374,"Denver, CO",South Adams County,39.771578,-104.782762
Braxton,2024,Existing,363,"Denver, CO",Lakewood/West Corridor,39.714281,-105.136828
Aura Arts District,2024,Existing,333,"Denver, CO",Downtown Denver,39.724741,-105.001969
Ascend at Pena Station,2024,Existing,180,"Denver, CO",East Denver,39.807707,-104.770884
Avalon Governor's Park,2024,Existing,304,"Denver, CO",Downtown Denver,39.726947,-104.984597
The Riv,2024,Existing,196,"Denver, CO",Downtown Denver,39.768612,-104.972908
The Russell,2024,Existing,252,"Denver, CO",North Jefferson County,39.799306,-105.077730
Ozzie,2025,Proposed,83,"Denver, CO",West Denver,39.740063,-105.041366
The Emerson,2025,Under Construction,240,"Denver, CO",Englewood/Littleton,39.654538,-104.976658
All Saints Apartments,2025,Existing,63,"Denver, CO",West Denver,39.671523,-105.025391
Bel-Aire,2025,Under Construction,354,"Denver, CO",Lakewood/West Corridor,39.740848,-105.120645
Frameline,2025,Under Construction,78,"Denver, CO",East Denver,39.734490,-104.937767
Treeline,2025,Under Construction,68,"Denver, CO",West Denver,39.744564,-105.026482
Alexan Pena Station,2025,Under Construction,578,"Denver, CO",East Denver,39.811836,-104.767422
Junction72,2025,Existing,92,"Denver, CO",Northeast Adams County,39.824729,-104.940751
The Juniper on Mainstreet,2025,Under Construction,264,"Denver, CO",South Douglas County,39.516079,-104.759042
Reserve at Lone Tree,2025,Under Construction,125,"Denver, CO",South Douglas County,39.521103,-104.864379
Bridgewater Living,2025,Under Construction,142,"Denver, CO",South Douglas County,39.421611,-104.869265
The View at Castle Rock,2025,Under Construction,221,"Denver, CO",South Douglas County,39.376632,-104.860888
DHA Joli,2025,Under Construction,123,"Denver, CO",West Denver,39.732464,-105.018860
Tempo Nine Mile,2025,Existing,255,"Denver, CO",Aurora,39.660092,-104.846679
Akin Tennyson,2025,Existing,84,"Denver, CO",West Denver,39.779916,-105.043661
5810 Miller St,2025,Proposed,64,"Denver, CO",North Jefferson County,39.802221,-105.113484
Cadence Broomfield,2025,Under Construction,165,"Denver, CO",Broomfield County,39.916066,-105.042228
Alta Piney Creek,2025,Existing,186,"Denver, CO",Aurora,39.582961,-104.717608
1091 S Parker Rd,2025,Proposed,220,"Denver, CO",East Denver,39.696258,-104.899324
Highland Trails,2025,Under Construction,88,"Denver, CO",South Jefferson County,39.610952,-105.146384
Stables,2025,Final Planning,85,"Denver, CO",Aurora,39.703026,-104.861904
3500 Park Ave W,2025,Proposed,60,"Denver, CO",Downtown Denver,39.766461,-104.994239
Sapling Grove Apartments,2025,Existing,81,"Denver, CO",Aurora,39.682613,-104.869988
Ruby Vista,2025,Under Construction,98,"Denver, CO",West Denver,39.681886,-105.004472
Aspendale Northglenn,2025,Under Construction,172,"Denver, CO",Northwest Adams County,39.891595,-104.993705
Greyhound Park Flats,2025,Proposed,270,"Denver, CO",Northeast Adams County,39.810734,-104.928297
MAA Abiline,2025,Under Construction,259,"Denver, CO",Aurora,39.689929,-104.826596
THE RETREAT AT BRIGHTON RIDGE,2025,Proposed,264,"Denver, CO",Northeast Adams County,39.912573,-104.830718
1337 Alton St,2025,Under Construction,53,"Denver, CO",Aurora,39.737813,-104.882363
St Stephens Apartments,2025,Existing,50,"Denver, CO",East Denver,39.748820,-104.892559
Alexan 505,2025,Under Construction,353,"Denver, CO",Northwest Adams County,39.901307,-104.994243
Havenwood at Harmony,2025,Under Construction,56,"Denver, CO",Aurora,39.711999,-104.668235
Inkwell at Baseline,2025,Existing,238,"Denver, CO",Broomfield County,39.997038,-105.007115
The Gallery,2025,Under Construction,260,"Denver, CO",Aurora,39.575741,-104.732657
The Reserves at Eagle Point,2025,Under Construction,192,"Denver, CO",Aurora,39.706643,-104.733508
The Fillmore at Copperleaf,2025,Existing,229,"Denver, CO",Aurora,39.634600,-104.723861
The Parker at 9Mile Station,2025,Under Construction,331,"Denver, CO",Aurora,39.658751,-104.840002
Alta Mile High,2025,Under Construction,216,"Denver, CO",West Denver,39.739283,-105.020678
The Vixen,2025,Under Construction,344,"Denver, CO",Downtown Denver,39.739687,-104.972748
West Holden Place,2025,Under Construction,77,"Denver, CO",West Denver,39.735838,-105.020456
Ascend at Gateway,2025,Under Construction,279,"Denver, CO",East Denver,39.804472,-104.767353
Aspen Heights Lakewood,2025,Under Construction,352,"Denver, CO",Lakewood/West Corridor,39.735559,-105.081995
The Residences at Ralston Commons,2025,Under Construction,186,"Denver, CO",North Jefferson County,39.803086,-105.101532
Oslo on 6th,2025,Under Construction,150,"Denver, CO",Aurora,39.725116,-104.822422
The Reserve at Lone Tree,2025,Under Construction,209,"Denver, CO",South Douglas County,39.520433,-104.861422
Canyon View Apartments,2025,Under Construction,104,"Denver, CO",North Jefferson County,39.776310,-105.236136
Flatiron Flats,2025,Existing,296,"Denver, CO",Broomfield County,39.942504,-105.126731
Warren Village III,2025,Existing,113,"Denver, CO",West Denver,39.710503,-105.005041
South Federal Flats Apartments,2025,Existing,57,"Denver, CO",West Denver,39.666624,-105.024730
Ken Caryl Townhomes,2025,Final Planning,199,"Denver, CO",South Jefferson County,39.579172,-105.132778
700 N Lincoln St,2025,Deferred,304,"Denver, CO",Downtown Denver,39.727540,-104.985807
Ridian,2025,Existing,123,"Denver, CO",West Denver,39.762896,-105.024114
2000 Blake St,2025,Under Construction,70,"Denver, CO",Downtown Denver,39.754382,-104.993717
2061 Glenarm Pl,2025,Proposed,50,"Denver, CO",Downtown Denver,39.748311,-104.985190
280 S Yarrow St,2025,Proposed,150,"Denver, CO",Lakewood/West Corridor,39.711660,-105.083430
Rosewind,2025,Existing,209,"Denver, CO",East Denver,39.790334,-104.773322
Aspendale Centennial,2025,Under Construction,190,"Denver, CO",DTC/Southeast Corridor,39.594129,-104.826980
The Madison at Copperleaf,2025,Existing,330,"Denver, CO",Aurora,39.635453,-104.723923
Lennox at Copperleaf,2025,Under Construction,175,"Denver, CO",Aurora,39.637755,-104.728988
Araceli DTC,2025,Under Construction,236,"Denver, CO",DTC/Southeast Corridor,39.633278,-104.899586
3510 Brighton Blvd,2025,Under Construction,205,"Denver, CO",Downtown Denver,39.770313,-104.978317
RYE Central Park,2025,Existing,290,"Denver, CO",East Denver,39.759443,-104.889285
The Finch,2025,Under Construction,370,"Denver, CO",Downtown Denver,39.739736,-104.996191
OSO Apartments,2025,Existing,268,"Denver, CO",West Denver,39.681535,-104.988420
Sports Castle Lofts,2025,Under Construction,284,"Denver, CO",Downtown Denver,39.732732,-104.987047
The Avant,2025,Under Construction,337,"Denver, CO",DTC/Southeast Corridor,39.601766,-104.895884
Atlas Peakview,2025,Existing,330,"Denver, CO",DTC/Southeast Corridor,39.598492,-104.897974
Ara Townhomes and Flats,2025,Existing,85,"Denver, CO",South Douglas County,39.402147,-104.887088
The Artifact Townhomes,2025,Under Construction,128,"Denver, CO",Outlying Arapahoe County,39.610502,-104.703561
Sable Station,2025,Under Construction,154,"Denver, CO",Aurora,39.717016,-104.820177
The Irving at Mile High Vista,2025,Under Construction,102,"Denver, CO",West Denver,39.740001,-105.028962
Akin Golden Triangle,2025,Under Construction,98,"Denver, CO",Downtown Denver,39.731542,-104.990502
Legacy at Metro Apartments,2025,Under Construction,380,"Denver, CO",Aurora,39.706599,-104.818323
Modera University Park,2025,Under Construction,234,"Denver, CO",Glendale University Area,39.673798,-104.965003
NOVEL Uptown,2025,Existing,261,"Denver, CO",Downtown Denver,39.741138,-104.982694
Revival on Platte,2025,Existing,200,"Denver, CO",West Denver,39.739629,-105.018477
Olivean,2025,Existing,387,"Denver, CO",Broomfield County,39.907569,-105.088982
Wilder,2025,Existing,196,"Denver, CO",West Denver,39.740638,-105.029150
Velo Interlocken,2025,Under Construction,300,"Denver, CO",Broomfield County,39.915143,-105.099864
Viña Apartments - Phase II,2026,Proposed,150,"Denver, CO",Downtown Denver,39.784925,-104.961581
AMLI Golden Triangle,2026,Proposed,366,"Denver, CO",Downtown Denver,39.729920,-104.987886
Novel Flat Iron Crossing,2026,Final Planning,347,"Denver, CO",Broomfield County,39.931378,-105.136570
"Parkvale, a Prose Community",2026,Proposed,264,"Denver, CO",South Douglas County,39.481784,-105.050083
Wadsworth Junction,2026,Under Construction,227,"Denver, CO",Broomfield County,39.904675,-105.082534
The Hoyt,2026,Under Construction,80,"Denver, CO",West Denver,39.742147,-105.028078
1530 W 13th Ave,2026,Proposed,200,"Denver, CO",Downtown Denver,39.736124,-105.007411
Parq II,2026,Proposed,311,"Denver, CO",Downtown Denver,39.731726,-104.991256
4560 W Colfax Ave,2026,Deferred,68,"Denver, CO",West Denver,39.740077,-105.045995
Stok on Welton,2026,Proposed,114,"Denver, CO",Downtown Denver,39.756222,-104.976654
Cottages at Gateway,2026,Proposed,95,"Denver, CO",East Denver,39.810487,-104.768667
East Main,2026,Final Planning,284,"Denver, CO",South Douglas County,39.518556,-104.756384
2777 Zuni St,2026,Proposed,465,"Denver, CO",West Denver,39.757210,-105.016436
DriveTrain II,2026,Under Construction,230,"Denver, CO",Downtown Denver,39.769457,-104.981994
Spillway Promenade,2026,Proposed,260,"Denver, CO",South Douglas County,39.369593,-104.870351
2200 California St,2026,Proposed,300,"Denver, CO",Downtown Denver,39.750776,-104.984414
Marina Square Redevelopment,2026,Proposed,428,"Denver, CO",DTC/Southeast Corridor,39.625374,-104.893822
The Bellwether,2026,Under Construction,253,"Denver, CO",DTC/Southeast Corridor,39.629260,-104.898886
Fox Park,2026,Under Construction,298,"Denver, CO",Downtown Denver,39.779744,-104.995498
Grant Street Apartments,2026,Proposed,259,"Denver, CO",Downtown Denver,39.743897,-104.985523
299 Milwaukee St,2026,Under Construction,156,"Denver, CO",Downtown Denver,39.720415,-104.952647
Hanover Almada Station,2026,Proposed,359,"Denver, CO",Downtown Denver,39.710541,-104.993355
The River Mile Redevelopment,2026,Proposed,1000,"Denver, CO",Downtown Denver,39.749556,-105.010725
5700 Tower Rd,2026,Proposed,119,"Denver, CO",East Denver,39.800427,-104.770869
20th on Belford,2026,Proposed,192,"Denver, CO",South Douglas County,39.552621,-104.814597
1001 Lincoln St,2026,Proposed,209,"Denver, CO",Downtown Denver,39.732462,-104.986439
Vista Creek,2026,Proposed,311,"Denver, CO",Aurora,39.718711,-104.716785
Oxenfree at Commerce City,2026,Final Planning,269,"Denver, CO",Northeast Adams County,39.899113,-104.872116
Oxenfree at Clear Creek  Oxenfree at Clear,2026,Under Construction,116,"Denver, CO",Northeast Adams County,39.814665,-105.035939
Los Altos,2026,Under Construction,137,"Denver, CO",South Adams County,39.743303,-104.815245
Evans East,2026,Proposed,287,"Denver, CO",Downtown Denver,39.734985,-104.988442
Conejos Apartments,2026,Proposed,92,"Denver, CO",West Denver,39.741301,-105.032292
Overlook at Uplands,2026,Under Construction,247,"Denver, CO",Northwest Adams County,39.855538,-105.020357
3315 Walnut St,2026,Proposed,500,"Denver, CO",Downtown Denver,39.766202,-104.977744
4050 N Colorado Blvd,2026,Proposed,350,"Denver, CO",East Denver,39.775440,-104.939429
Banyan High Point,2026,Proposed,399,"Denver, CO",South Adams County,39.813626,-104.734448
Avilla Settler's Crossing,2026,Proposed,136,"Denver, CO",Northeast Adams County,39.870801,-104.772748
758 N Sherman St,2026,Proposed,193,"Denver, CO",Downtown Denver,39.728301,-104.984571
2801 Firth Ct,2026,Proposed,189,"Denver, CO",West Denver,39.757770,-105.017816
Link 56,2026,Proposed,214,"Denver, CO",East Denver,39.799550,-104.773964
Modera Cook Street,2026,Under Construction,110,"Denver, CO",Downtown Denver,39.719179,-104.947414
16 W Dry Creek Cir,2026,Proposed,173,"Denver, CO",Englewood/Littleton,39.582916,-104.992456
High Iron 40,2026,Proposed,700,"Denver, CO",Downtown Denver,39.774407,-104.955950
Fox North,2026,Proposed,250,"Denver, CO",Downtown Denver,39.776040,-104.995462
901 Navajo St,2026,Under Construction,190,"Denver, CO",Downtown Denver,39.730848,-105.004456
Modera Cook Street,2026,Under Construction,110,"Denver, CO",Downtown Denver,39.719176,-104.947770
Wynkoop Tower,2026,Proposed,140,"Denver, CO",Downtown Denver,39.772324,-104.975057
2750 W 10th Ave,2026,Proposed,464,"Denver, CO",West Denver,39.732884,-105.021234
Aura at Loretto Heights,2026,Under Construction,284,"Denver, CO",West Denver,39.661462,-105.026279
Kenect Denver MF,2026,Proposed,438,"Denver, CO",Downtown Denver,39.753551,-104.989553
The Addie at Metro Center,2026,Under Construction,222,"Denver, CO",Aurora,39.706438,-104.812991
Rowlen Apartments,2026,Under Construction,297,"Denver, CO",Broomfield County,40.002896,-105.001009
Stack at Wheat Ridge,2026,Final Planning,255,"Denver, CO",Lakewood/West Corridor,39.779343,-105.109000
Aviation Place,2027,Proposed,395,"Denver, CO",East Denver,39.810500,-104.782868
805 W 38th Ave,2027,Proposed,427,"Denver, CO",Downtown Denver,39.770302,-104.996441
Link Apartments Fitz,2027,Proposed,405,"Denver, CO",Aurora,39.739858,-104.848286
CK Development,2027,Proposed,886,"Denver, CO",Downtown Denver,39.751660,-104.985819
Kairoi Metro Center,2027,Under Construction,419,"Denver, CO",Aurora,39.709717,-104.817915
2000 Welton St,2027,Final Planning,94,"Denver, CO",Downtown Denver,39.748259,-104.985987
Cherry Lane,2027,Proposed,380,"Denver, CO",Downtown Denver,39.718514,-104.956984
Route 40,2027,Proposed,210,"Denver, CO",Downtown Denver,39.739795,-104.973258
Kaia Residences,2027,Under Construction,295,"Denver, CO",Downtown Denver,39.729335,-104.985657
1350-1372 Sheridan Blvd,2027,Proposed,128,"Denver, CO",West Denver,39.737620,-105.052836
Greyhound,2027,Proposed,479,"Denver, CO",Downtown Denver,39.750783,-104.991153
El Jebel Temple,2027,Proposed,120,"Denver, CO",Downtown Denver,39.744292,-104.984463
Westminster Station Apartments,2027,Proposed,145,"Denver, CO",Northeast Adams County,39.821463,-105.030218
Uplands,2027,Proposed,2350,"Denver, CO",Northwest Adams County,39.852265,-105.029724
Ballfield at Auraria,2027,Proposed,300,"Denver, CO",Downtown Denver,39.746304,-105.004205
Mountainview Apartments,2027,Proposed,300,"Denver, CO",Glendale University Area,39.680743,-104.941967
Chrysalis Apartments,2027,Proposed,70,"Denver, CO",Downtown Denver,39.744588,-104.968784
Harvest Hill,2027,Proposed,152,"Denver, CO",Broomfield County,39.910790,-105.084510
Denver 60,2027,Proposed,1175,"Denver, CO",East Denver,39.774206,-104.784197
Hurley Place,2027,Proposed,430,"Denver, CO",Downtown Denver,39.774005,-104.978300
4150 S Navajo St,2027,Under Construction,395,"Denver, CO",Englewood/Littleton,39.641376,-105.004137
2420 Alcott St,2027,Proposed,162,"Denver, CO",West Denver,39.752202,-105.017362
61st and Tower Apartments,2027,Proposed,353,"Denver, CO",East Denver,39.807935,-104.773343
4040 Fox Apartments,2027,Proposed,213,"Denver, CO",Downtown Denver,39.772456,-104.994534
219-255 Detroit St,2027,Proposed,85,"Denver, CO",Downtown Denver,39.720072,-104.954919
Camden Baker,2027,Proposed,435,"Denver, CO",Downtown Denver,39.715712,-104.999326
2099 Chestnut Pl,2027,Proposed,77,"Denver, CO",Downtown Denver,39.758188,-104.998487
650 17th St,2027,Proposed,342,"Denver, CO",Downtown Denver,39.745825,-104.990838
Gibson at The Grant,2028,Proposed,147,"Denver, CO",Downtown Denver,39.730905,-104.983990
Gates District at Broadway Station,2028,Proposed,360,"Denver, CO",Downtown Denver,39.698943,-104.988664
